Workbook

Sheet FFE Schedule
A1: Item Name | B1: Item Code | C1: Category | D1: Description | E1: Width (cm) | F1: Depth / Length (cm) | G1: Height (cm) | H1: Dimensions W/L/H (cm) | I1: Material | J1: Upholstering | K1: Unit Price | L1: Volume (m³) | M1: Weight Est. (kg) | N1: Image Path | O1: Source Filename
A2: Carved Low Sideboard | B2: UMA-02 | C2: Storage / Cabinets | D2: Low four-door sideboard with rounded corners and carved wood front | E2: 220 | F2: 50 | G2: 72 | H2: =TEXT(E2,"0")&" x "&TEXT(F2,"0")&" x "&TEXT(G2,"0") -> 220 x 50 x 72 | I2: Teak wood | J2: None | L2: =ROUND((E2*F2*G2)/1000000,3) -> 0.792 | M2: =ROUND(L2*VLOOKUP(C2,Assumptions!$A$2:$B$10,2,FALSE),1) -> 166.3 | O2: cabinet (1).png
A3: Monolithic Log Coffee Table | B3: UMA-03 | C3: Coffeetable | D3: Solid timber block coffee table with visible end-grain cracking | E3: 160 | F3: 55 | G3: 38 | H3: =TEXT(E3,"0")&" x "&TEXT(F3,"0")&" x "&TEXT(G3,"0") -> 160 x 55 x 38 | I3: Solid Teak / Recicled Teak | J3: None | L3: =ROUND((E3*F3*G3)/1000000,3) -> 0.334 | M3: =ROUND(L3*VLOOKUP(C3,Assumptions!$A$2:$B$10,2,FALSE),1) -> 50.1 | O3: cabinet (2).png
A4: Rounded Carved Credenza | B4: UMA-04 | C4: Storage / Cabinets | D4: Curved low credenza with carved front panels | E4: 210 | F4: 52 | G4: 74 | H4: =TEXT(E4,"0")&" x "&TEXT(F4,"0")&" x "&TEXT(G4,"0") -> 210 x 52 x 74 | I4: Teak wood | J4: None | L4: =ROUND((E4*F4*G4)/1000000,3) -> 0.808 | M4: =ROUND(L4*VLOOKUP(C4,Assumptions!$A$2:$B$10,2,FALSE),1) -> 169.7 | O4: cabinet (3).png
A5: Monolithic Timber Bench Table | B5: UMA-05 | C5: Coffeetable | D5: Solid timber bench / low table with sculpted end block | E5: 180 | F5: 45 | G5: 40 | H5: =TEXT(E5,"0")&" x "&TEXT(F5,"0")&" x "&TEXT(G5,"0") -> 180 x 45 x 40 | I5: Solid Teak / Recicled Teak | J5: None | L5: =ROUND((E5*F5*G5)/1000000,3) -> 0.324 | M5: =ROUND(L5*VLOOKUP(C5,Assumptions!$A$2:$B$10,2,FALSE),1) -> 48.6 | O5: cabinet (4).png
A6: Embossed Metal Cabinet | B6: UMA-06 | C6: Storage / Cabinets | D6: Low four-door storage cabinet with embossed metal fronts | E6: 220 | F6: 50 | G6: 70 | H6: =TEXT(E6,"0")&" x "&TEXT(F6,"0")&" x "&TEXT(G6,"0") -> 220 x 50 x 70 | I6: Patinated metal / dark wood carcass | J6: None | L6: =ROUND((E6*F6*G6)/1000000,3) -> 0.77 | M6: =ROUND(L6*VLOOKUP(C6,Assumptions!$A$2:$B$10,2,FALSE),1) -> 161.7 | O6: cabinet (5).png
A7: Textured Buffet Cabinet | B7: UMA-07 | C7: Storage / Cabinets | D7: Long carved buffet cabinet with four doors | E7: 240 | F7: 50 | G7: 78 | H7: =TEXT(E7,"0")&" x "&TEXT(F7,"0")&" x "&TEXT(G7,"0") -> 240 x 50 x 78 | I7: Teak wood | J7: None | L7: =ROUND((E7*F7*G7)/1000000,3) -> 0.936 | M7: =ROUND(L7*VLOOKUP(C7,Assumptions!$A$2:$B$10,2,FALSE),1) -> 196.6 | O7: cabinet (6).png
A8: Live-Edge Block Table | B8: UMA-08 | C8: Coffeetable | D8: Solid timber block coffee table with natural split grain | E8: 165 | F8: 50 | G8: 36 | H8: =TEXT(E8,"0")&" x "&TEXT(F8,"0")&" x "&TEXT(G8,"0") -> 165 x 50 x 36 | I8: Solid Teak / Recicled Teak | J8: None | L8: =ROUND((E8*F8*G8)/1000000,3) -> 0.297 | M8: =ROUND(L8*VLOOKUP(C8,Assumptions!$A$2:$B$10,2,FALSE),1) -> 44.6 | O8: cabinet (7).png
A9: Outdoor Armchair - Upholstered | B9: UMA-09 | C9: Sofa Chairs | D9: Outdoor armchair with timber frame and upholstered seat/back | E9: 78 | F9: 82 | G9: 78 | H9: =TEXT(E9,"0")&" x "&TEXT(F9,"0")&" x "&TEXT(G9,"0") -> 78 x 82 x 78 | I9: Teak / Teak wood | J9: Textured beige fabric | L9: =ROUND((E9*F9*G9)/1000000,3) -> 0.499 | M9: =ROUND(L9*VLOOKUP(C9,Assumptions!$A$2:$B$10,2,FALSE),1) -> 47.4 | O9: chair BN1.png
A10: Dining Chair - Sled Base | B10: UMA-10 | C10: Chairs | D10: Dining chair with open sled base and upholstered seat | E10: 52 | F10: 58 | G10: 82 | H10: =TEXT(E10,"0")&" x "&TEXT(F10,"0")&" x "&TEXT(G10,"0") -> 52 x 58 x 82 | I10: Teak / teak wood | J10: Textured beige fabric | L10: =ROUND((E10*F10*G10)/1000000,3) -> 0.247 | M10: =ROUND(L10*VLOOKUP(C10,Assumptions!$A$2:$B$10,2,FALSE),1) -> 28.4 | O10: chair BN2.png
A11: Lounge Chair - Box Frame | B11: UMA-11 | C11: Sofa Chairs | D11: Lounge chair with box arms and deep upholstered cushions | E11: 82 | F11: 88 | G11: 78 | H11: =TEXT(E11,"0")&" x "&TEXT(F11,"0")&" x "&TEXT(G11,"0") -> 82 x 88 x 78 | I11: Teak / teak wood | J11: Dark charcoal fabric | L11: =ROUND((E11*F11*G11)/1000000,3) -> 0.563 | M11: =ROUND(L11*VLOOKUP(C11,Assumptions!$A$2:$B$10,2,FALSE),1) -> 53.5 | O11: chair BN3.png
A12: Dining Chair - Open Frame | B12: UMA-12 | C12: Chairs | D12: Dining chair with open-frame base and upholstered seat | E12: 50 | F12: 56 | G12: 82 | H12: =TEXT(E12,"0")&" x "&TEXT(F12,"0")&" x "&TEXT(G12,"0") -> 50 x 56 x 82 | I12: Teak / teak wood | J12: Textured beige fabric | L12: =ROUND((E12*F12*G12)/1000000,3) -> 0.23 | M12: =ROUND(L12*VLOOKUP(C12,Assumptions!$A$2:$B$10,2,FALSE),1) -> 26.5 | O12: chair BN4.png
A13: Dining Armchair - Upholstered | B13: UMA-13 | C13: Chairs | D13: Dining armchair with timber arms and upholstered seat/back | E13: 58 | F13: 60 | G13: 83 | H13: =TEXT(E13,"0")&" x "&TEXT(F13,"0")&" x "&TEXT(G13,"0") -> 58 x 60 x 83 | I13: Teak / teak wood | J13: Textured beige fabric | L13: =ROUND((E13*F13*G13)/1000000,3) -> 0.289 | M13: =ROUND(L13*VLOOKUP(C13,Assumptions!$A$2:$B$10,2,FALSE),1) -> 33.2 | O13: chair BN5.png
... A90: Short Console Table | B90: UMA-90 | C90: Tables | D90: Short rectangular low table with block legs | E90: 120 | F90: 60 | G90: 36 | H90: =TEXT(E90,"0")&" x "&TEXT(F90,"0")&" x "&TEXT(G90,"0") -> 120 x 60 x 36 | I90: Teak / teak wood | J90: None | L90: =ROUND((E90*F90*G90)/1000000,3) -> 0.259 | M90: =ROUND(L90*VLOOKUP(C90,Assumptions!$A$2:$B$10,2,FALSE),1) -> 41.4 | O90: table_20.png

Sheet Assumptions
A1: Category | B1: Weight Factor (kg/m³) | C1: Note
A2: Storage / Cabinets | B2: 210 | C2: Estimated factor for early-stage FF&E logistics planning
A3: Chairs | B3: 115 | C3: Estimated factor for early-stage FF&E logistics planning
A4: Sofa Chairs | B4: 95 | C4: Estimated factor for early-stage FF&E logistics planning
A5: Sofa | B5: 70 | C5: Estimated factor for early-stage FF&E logistics planning
A6: Sunbeds | B6: 65 | C6: Estimated factor for early-stage FF&E logistics planning
A7: Tables | B7: 160 | C7: Estimated factor for early-stage FF&E logistics planning
A8: Dining Tables | B8: 175 | C8: Estimated factor for early-stage FF&E logistics planning
A9: Coffeetable | B9: 150 | C9: Estimated factor for early-stage FF&E logistics planning
A10: Side Table | B10: 130 | C10: Estimated factor for early-stage FF&E logistics planning
A13: Notes
A14: All dimensions are estimated from image proportions and typical FF&E sizes.
A15: Volume formula = Width x Depth/Length x Height / 1,000,000 (m³).
A16: Weight is an estimate for budgeting / shipping planning only and should be verified with supplier shop drawings.
